service_display_name,name,quantity,region,service_id,sku,"total_price, USD",notes
VMs e2-micro (bastion + frontend)  (Compute Engine),E2 Instance Core running in Sao Paulo,50.0,southamerica-east1,6F81-5844-456A,0442-C445-D66A,1.73121,
VMs e2-micro (bastion + frontend)  (Compute Engine),E2 Instance Ram running in Sao Paulo,200.0,southamerica-east1,6F81-5844-456A,C3E6-8086-831A,0.92805,
VMs e2-micro (bastion + frontend)  (Compute Engine),Storage PD Capacity in Sao Paulo,10.0,southamerica-east1,6F81-5844-456A,DF49-E005-E705,0.6,
VMs e2-small (backend + db) (Compute Engine),E2 Instance Core running in Sao Paulo,100.0,southamerica-east1,6F81-5844-456A,0442-C445-D66A,3.46242,
VMs e2-small (backend + db) (Compute Engine),E2 Instance Ram running in Sao Paulo,400.0,southamerica-east1,6F81-5844-456A,C3E6-8086-831A,1.8561,
VMs e2-small (backend + db) (Compute Engine),Balanced PD Capacity in Sao Paulo,20.0,southamerica-east1,6F81-5844-456A,6F9F-D10A-6613,3,
IP Address (Networking),External IP Charge on a Standard VM,2.0,global,6F81-5844-456A,C054-7F72-A02E,3.65,
IP Address (Networking),External IP Charge on a Spot Preemptible VM,0.0,global,6F81-5844-456A,4AF8-7C1F-39C4,0,
IP Address (Networking),Static Ip Charge in Sao Paulo,0.0,southamerica-east1,6F81-5844-456A,56E5-3A9E-95C2,0,
NAT Gateway (Networking),Networking Cloud Nat Gateway Uptime,2.0,global,E505-1604-58F8,32E2-4EFC-EF9F,2.044,
NAT Gateway (Networking),Networking Cloud Nat Data Processing,2.0,global,E505-1604-58F8,015F-5732-FFF0,0.09,
NAT Gateway (Networking),Networking Cloud NAT IP Usage,1.0,global,E505-1604-58F8,8515-9425-D2CE,3.65,
Data Transfer 2 (Networking),Network Internet Data Transfer Out from Sao Paulo to South America,2.0,,6F81-5844-456A,7893-6DB3-A27F,0.38,
Data Transfer 2 (Networking),Network Inter Zone Data Transfer Out,0.0,global,6F81-5844-456A,DE9E-AFBC-A15A,0,
,,,,,,,
,,,,,Total Price:,21.39178,
,,,,,,,
"Prices are in US dollars, effective date is 2026-09-29T23:55:40.777Z",,,,,,,
,,,,,,,
The estimated fees provided by Google Cloud Pricing Calculator are for discussion purposes only and are not binding on either you or Google. Your actual fees may be higher or lower than the estimate.,,,,,,,
,,,,,,,
Url to the estimate:,https://cloud.google.com/calculator?dl=CjhDaVJqTVRjMFpXWmxOQzFpTkRRM0xUUTFOekF0T0dFMk55MDJORFE0TWprMU9ERTNZak1RQVE9PRokMjk0QzgxQUItRTBGQS00NkExLUExRUYtRjYxNkMxNEIwMEVD,,,,,,